<?xml version="1.0" encoding="UTF-8"?><!--  - Generated by Ascential Software Corporation, DataStage - XMLOutput stage -   - Thu Mar 06 20:32:08 2008  --><Customers>  <Customer>    <CustomerNum>101    </CustomerNum>    <CompanyName>All Sports Supplies    </CompanyName>    <StateCode>CA    </StateCode>  </Customer>  <Customer>    <CustomerNum>102    </CustomerNum>    <CompanyName>Sports Spot    </CompanyName>    <StateCode>CA    </StateCode>  </Customer>  <Customer>    <CustomerNum>103    </CustomerNum>    <CompanyName>Phil&apos;s Sports    </CompanyName>    <StateCode>CA    </StateCode>  </Customer>  <Customer>    <CustomerNum>104    </CustomerNum>    <CompanyName>Play Ball!    </CompanyName>    <StateCode>CA    </StateCode>  </Customer>  <Customer>    <CustomerNum>105    </CustomerNum>    <CompanyName>Los Altos Sports    </CompanyName>    <StateCode>CA    </StateCode>  </Customer>  <Customer>    <CustomerNum>106    </CustomerNum>    <CompanyName>Watson &amp; Son    </CompanyName>    <StateCode>CA    </StateCode>  </Customer>  <Customer>    <CustomerNum>107    </CustomerNum>    <CompanyName>Athletic Supplies    </CompanyName>    <StateCode>CA    </StateCode>  </Customer>  <Customer>    <CustomerNum>108    </CustomerNum>    <CompanyName>Quinn&apos;s Sports    </CompanyName>    <StateCode>CA    </StateCode>  </Customer>  <Customer>    <CustomerNum>109    </CustomerNum>    <CompanyName>Sport Stuff    </CompanyName>    <StateCode>CA    </StateCode>  </Customer>  <Customer>    <CustomerNum>110    </CustomerNum>    <CompanyName>AA Athletics    </CompanyName>    <StateCode>CA    </StateCode>  </Customer>  <Customer>    <CustomerNum>111    </CustomerNum>    <CompanyName>Sports Center    </CompanyName>    <StateCode>CA    </StateCode>  </Customer>  <Customer>    <CustomerNum>112    </CustomerNum>    <CompanyName>Runners &amp; Others    </CompanyName>    <StateCode>CA    </StateCode>  </Customer>  <Customer>    <CustomerNum>113    </CustomerNum>    <CompanyName>Sportstown    </CompanyName>    <StateCode>CA    </StateCode>  </Customer>  <Customer>    <CustomerNum>114    </CustomerNum>    <CompanyName>Sporting Place    </CompanyName>    <StateCode>CA    </StateCode>  </Customer>  <Customer>    <CustomerNum>115    </CustomerNum>    <CompanyName>Gold Medal Sports    </CompanyName>    <StateCode>CA    </StateCode>  </Customer>  <Customer>    <CustomerNum>116    </CustomerNum>    <CompanyName>Olympic City    </CompanyName>    <StateCode>CA    </StateCode>  </Customer>  <Customer>    <CustomerNum>117    </CustomerNum>    <CompanyName>Kids Korner    </CompanyName>    <StateCode>CA    </StateCode>  </Customer>  <Customer>    <CustomerNum>118    </CustomerNum>    <CompanyName>Blue Ribbon Sports    </CompanyName>    <StateCode>CA    </StateCode>  </Customer>  <Customer>    <CustomerNum>119    </CustomerNum>    <CompanyName>The Triathletes Club    </CompanyName>    <StateCode>NJ    </StateCode>  </Customer>  <Customer>    <CustomerNum>120    </CustomerNum>    <CompanyName>Century Pro Shop    </CompanyName>    <StateCode>AZ    </StateCode>  </Customer>  <Customer>    <CustomerNum>121    </CustomerNum>    <CompanyName>City Sports    </CompanyName>    <StateCode>DE    </StateCode>  </Customer>  <Customer>    <CustomerNum>122    </CustomerNum>    <CompanyName>The Sporting Life    </CompanyName>    <StateCode>NJ    </StateCode>  </Customer>  <Customer>    <CustomerNum>123    </CustomerNum>    <CompanyName>Bay Sports    </CompanyName>    <StateCode>FL    </StateCode>  </Customer>  <Customer>    <CustomerNum>124    </CustomerNum>    <CompanyName>Putnum&apos;s Putters    </CompanyName>    <StateCode>OK    </StateCode>  </Customer>  <Customer>    <CustomerNum>125    </CustomerNum>    <CompanyName>Total Fitness Sports    </CompanyName>    <StateCode>MA    </StateCode>  </Customer>  <Customer>    <CustomerNum>126    </CustomerNum>    <CompanyName>Neelie&apos;s Discount Sp    </CompanyName>    <StateCode>CO    </StateCode>  </Customer>  <Customer>    <CustomerNum>127    </CustomerNum>    <CompanyName>Big Blue Bike Shop    </CompanyName>    <StateCode>NY    </StateCode>  </Customer>  <Customer>    <CustomerNum>128    </CustomerNum>    <CompanyName>Phoenix University    </CompanyName>    <StateCode>AZ    </StateCode>  </Customer></Customers>